Name,Position,Team,Bye,Tier,PTS,VALUE,ECR
Josh Allen,QB,BUF,7,1,295,51,QB1
Jahmyr Gibbs,RB,DET,6,1,267,159,RB1
Puka Nacua,WR,LAR,11,1,240,134,WR2
Lamar Jackson,QB,BAL,13,2,268,23,QB2
Bijan Robinson,RB,ATL,11,1,252,145,RB2
Ja'Marr Chase,WR,CIN,6,1,233,126,WR1
Jayden Daniels,QB,WAS,7,2,266,21,QB5
Christian McCaffrey,RB,SF,8,2,233,126,RB3
Jaxon Smith-Njigba,WR,SEA,11,1,225,119,WR3
Jalen Hurts,QB,PHI,10,2,264,20,QB6
Jonathan Taylor,RB,IND,13,2,230,123,RB4
Amon-Ra St. Brown,WR,DET,6,2,215,109,WR4
Drake Maye,QB,NE,11,2,263,18,QB3
Derrick Henry,RB,BAL,13,3,202,95,RB12
Justin Jefferson,WR,MIN,6,3,183,77,WR6
Joe Burrow,QB,CIN,6,2,260,15,QB4
James Cook III,RB,BUF,7,3,202,95,RB5
CeeDee Lamb,WR,DAL,14,3,182,75,WR5
Trevor Lawrence,QB,JAC,7,3,255,10,QB9
De'Von Achane,RB,MIA,6,3,202,95,RB10
Drake London,WR,ATL,11,3,178,72,WR8
Dak Prescott,QB,DAL,14,3,253,8,QB10
Chase Brown,RB,CIN,6,3,197,90,RB7
A.J. Brown,WR,NE,11,3,175,69,WR7
Jaxson Dart,QB,NYG,8,3,253,8,QB13
Saquon Barkley,RB,PHI,10,3,196,89,RB6
Chris Olave,WR,NO,8,3,172,66,WR10
Brock Purdy,QB,SF,8,3,253,8,QB12
Kenneth Walker III,RB,KC,5,3,187,80,RB8
George Pickens,WR,DAL,14,3,170,64,WR11
Caleb Williams,QB,CHI,10,3,251,6,QB7
Ashton Jeanty,RB,LV,13,3,184,77,RB11
Rashee Rice,WR,KC,5,3,168,62,WR15
Justin Herbert,QB,LAC,7,3,251,6,QB8
Omarion Hampton,RB,LAC,7,3,182,75,RB9
Nico Collins,WR,HOU,8,3,168,62,WR9
Bo Nix,QB,DEN,10,4,245,0,QB11
Jeremiyah Love,RB,ARI,14,3,182,75,RB16
Malik Nabers,WR,NYG,8,4,162,56,WR12
Patrick Mahomes II,QB,KC,5,4,245,0,QB15
Josh Jacobs,RB,GB,11,4,178,71,RB17
Zay Flowers,WR,BAL,13,4,158,52,WR14
Jared Goff,QB,DET,6,4,238,-7,QB14
Kyren Williams,RB,LAR,11,4,177,70,RB13
DeVonta Smith,WR,PHI,10,4,154,48,WR13
Matthew Stafford,QB,LAR,11,4,236,-9,QB16
Javonte Williams,RB,DAL,14,4,175,68,RB14
Tetairoa McMillan,WR,CAR,5,4,148,42,WR18
Baker Mayfield,QB,TB,10,5,225,-20,QB18
Breece Hall,RB,NYJ,13,4,174,67,RB15
Tee Higgins,WR,CIN,6,4,147,41,WR16
Kyler Murray,QB,MIN,6,5,224,-20,QB17
Travis Etienne Jr.,RB,NO,8,4,169,62,RB18
Garrett Wilson,WR,NYJ,13,4,147,40,WR20
Tyler Shough,QB,NO,8,5,218,-27,QB21
Cam Skattebo,RB,NYG,8,4,165,58,RB20
Emeka Egbuka,WR,TB,10,4,144,38,WR21
Jordan Love,QB,GB,11,6,213,-32,QB19
D'Andre Swift,RB,CHI,10,4,162,55,RB19
Ladd McConkey,WR,LAC,7,5,140,34,WR19
Malik Willis,QB,MIA,6,6,211,-33,QB20
Bucky Irving,RB,TB,10,4,156,49,RB21
Davante Adams,WR,LAR,11,5,138,32,WR26
Daniel Jones,QB,IND,13,6,207,-38,QB24
Quinshon Judkins,RB,CLE,11,5,156,49,RB22
Jaylen Waddle,WR,DEN,10,5,138,32,WR17
C.J. Stroud,QB,HOU,8,7,202,-43,QB22
Bhayshul Tuten,RB,JAC,7,5,149,42,RB24
Jameson Williams,WR,DET,6,5,137,31,WR24
Sam Darnold,QB,SEA,11,7,201,-44,QB23
Jadarian Price,RB,SEA,11,5,149,42,RB25
Terry McLaurin,WR,WAS,7,5,135,29,WR23
Bryce Young,QB,CAR,5,8,190,-55,QB26
David Montgomery,RB,HOU,8,5,144,37,RB23
Luther Burden III,WR,CHI,10,5,133,27,WR22
Cam Ward,QB,TEN,9,9,179,-66,QB25
TreVeyon Henderson,RB,NE,11,5,135,28,RB26
DJ Moore,WR,BUF,7,5,129,22,WR27
Jacoby Brissett,QB,ARI,14,9,174,-71,QB27
Rhamondre Stevenson,RB,NE,11,6,132,25,RB27
Rome Odunze,WR,CHI,10,5,128,22,WR28
Geno Smith,QB,NYJ,13,9,174,-71,QB29
Jaylen Warren,RB,PIT,9,6,132,25,RB28
Christian Watson,WR,GB,11,5,126,20,WR25
Aaron Rodgers,QB,PIT,9,10,168,-77,QB28
Tony Pollard,RB,TEN,9,6,130,23,RB30
Mike Evans,WR,SF,8,5,123,17,WR30
Fernando Mendoza,QB,LV,13,11,144,-100,QB30
Rico Dowdle,RB,PIT,9,6,127,20,RB31
Marvin Harrison Jr.,WR,ARI,14,6,120,14,WR31
Deshaun Watson,QB,CLE,11,12,99,-145,QB32
J.K. Dobbins,RB,DEN,10,6,124,16,RB33
Carnell Tate,WR,TEN,9,6,119,12,WR32
Tua Tagovailoa,QB,ATL,11,12,94,-151,QB31
Jonathon Brooks,RB,CAR,5,6,119,12,RB29
Parker Washington,WR,JAC,7,6,117,11,WR29
Michael Penix Jr.,QB,ATL,11,13,90,-155,QB33
Chuba Hubbard,RB,CAR,5,6,115,8,RB37
DK Metcalf,WR,PIT,9,6,116,10,WR35
Shedeur Sanders,QB,CLE,11,14,65,-179,QB35
Kenny Gainwell,RB,TB,10,7,108,1,RB38
Courtland Sutton,WR,DEN,10,6,116,10,WR36
Kirk Cousins,QB,LV,13,15,46,-198,QB34
RJ Harvey,RB,DEN,10,7,107,0,RB36
Alec Pierce,WR,IND,13,6,115,9,WR41
J.J. McCarthy,QB,MIN,6,15,18,-226,QB38
Kyle Monangai,RB,CHI,10,7,107,0,RB39
Brian Thomas Jr.,WR,JAC,7,6,113,7,WR33
Carson Beck,QB,ARI,14,15,17,-228,QB36
Jacory Croskey-Merritt,RB,WAS,7,7,107,0,RB35
De'Zhaun Stribling,WR,SF,8,6,107,1,WR47
Justin Fields,QB,KC,5,15,11,-234,QB39
Rachaad White,RB,WAS,7,7,106,-1,RB40
Michael Pittman Jr.,WR,PIT,9,6,107,1,WR38
Mac Jones,QB,SF,8,15,10,-234,QB37
Jordan Mason,RB,MIN,6,7,105,-2,RB34
Chris Godwin Jr.,WR,TB,10,6,106,0,WR34
Anthony Richardson Sr.,QB,IND,13,15,8,-237,QB40
Blake Corum,RB,LAR,11,7,105,-2,RB32
KC Concepcion,WR,CLE,11,6,106,0,WR48
Aaron Jones Sr.,RB,MIN,6,7,102,-5,RB42
Quentin Johnston,WR,LAC,7,6,105,-1,WR37
Mike Washington Jr.,RB,LV,13,7,93,-14,RB49
Makai Lemon,WR,PHI,10,6,104,-2,WR45
Kaelon Black,RB,SF,8,8,85,-22,RB65
Michael Wilson,WR,ARI,14,6,104,-2,WR40
Brock Bowers,TE,LV,13,1,165,60,TE1
Tyjae Spears,RB,TEN,9,8,85,-22,RB46
Jayden Reed,WR,GB,11,6,104,-2,WR46
Trey McBride,TE,ARI,14,1,165,60,TE2
Woody Marks,RB,HOU,8,8,83,-24,RB44
Jakobi Meyers,WR,JAC,7,6,103,-3,WR49
Colston Loveland,TE,CHI,10,2,142,38,TE3
Zach Charbonnet,RB,SEA,11,8,82,-25,RB48
Jordan Addison,WR,MIN,6,6,102,-4,WR44
Tyler Warren,TE,IND,13,2,131,27,TE4
Isiah Pacheco,RB,DET,6,8,79,-28,RB55
Wan'Dale Robinson,WR,TEN,9,7,101,-5,WR43
Harold Fannin Jr.,TE,CLE,11,3,126,22,TE6
Chris Rodriguez Jr.,RB,JAC,7,8,79,-29,RB41
Denzel Boston,WR,CLE,11,7,101,-5,WR58
Tucker Kraft,TE,GB,11,3,125,20,TE5
Jonah Coleman,RB,DEN,10,8,75,-32,RB47
Xavier Worthy,WR,KC,5,7,99,-7,WR52
Kyle Pitts Sr.,TE,ATL,11,3,124,20,TE8
Tyler Allgeier,RB,ARI,14,8,73,-34,RB43
Stefon Diggs,WR,WAS,7,7,98,-8,WR39
Sam LaPorta,TE,DET,6,3,124,20,TE7
Alvin Kamara,RB,NO,8,8,72,-35,RB59
Matthew Golden,WR,GB,11,7,97,-9,WR51
George Kittle,TE,SF,8,3,124,19,TE9
Emmett Johnson,RB,KC,5,8,70,-37,RB57
Romeo Doubs,WR,NE,11,7,96,-10,WR53
Travis Kelce,TE,KC,5,3,121,16,TE10
Dylan Sampson,RB,CLE,11,8,67,-40,RB52
Deebo Samuel Sr.,WR,SF,8,7,96,-10,WR54
Dallas Goedert,TE,PHI,10,3,119,14,TE13
Braelon Allen,RB,NYJ,13,8,67,-40,RB53
Josh Downs,WR,IND,13,7,95,-11,WR42
Isaiah Likely,TE,NYG,8,4,113,8,TE12
Keaton Mitchell,RB,LAC,7,8,63,-44,RB45
Rashid Shaheed,WR,SEA,11,7,94,-12,WR57
Dalton Kincaid,TE,BUF,7,4,112,8,TE11
Justice Hill,RB,BAL,13,9,63,-44,RB73
Jalen Coker,WR,CAR,5,7,93,-14,WR50
Mark Andrews,TE,BAL,13,4,111,6,TE15
Tank Bigsby,RB,PHI,10,9,62,-45,RB51
Khalil Shakir,WR,BUF,7,7,92,-14,WR56
Jake Ferguson,TE,DAL,14,4,105,0,TE16
Brian Robinson Jr.,RB,ATL,11,9,62,-45,RB54
Ja'Kobi Lane,WR,BAL,13,7,90,-16,WR76
Juwan Johnson,TE,NO,8,4,104,-1,TE14
Tyrone Tracy Jr.,RB,NYG,8,9,61,-46,RB56
Jordyn Tyson,WR,NO,8,7,88,-18,WR55
Brenton Strange,TE,JAC,7,5,100,-5,TE17
Kaytron Allen,RB,WAS,7,9,59,-48,RB64
Calvin Ridley,WR,TEN,9,7,85,-21,WR75
Hunter Henry,TE,NE,11,5,100,-5,TE18
Nicholas Singleton,RB,TEN,9,9,59,-49,RB61
Tre Tucker,WR,LV,13,7,85,-21,WR59
Dalton Schultz,TE,HOU,8,5,91,-14,TE19
Samaje Perine,RB,CIN,6,9,58,-49,RB74
Jerry Jeudy,WR,CLE,11,7,85,-21,WR65
T.J. Hockenson,TE,MIN,6,6,83,-22,TE23
Demond Claiborne,RB,MIN,6,9,54,-53,RB71
Omar Cooper Jr.,WR,NYJ,13,8,82,-24,WR73
Terrance Ferguson,TE,LAR,11,6,80,-24,TE21
Seth McGowan,RB,IND,13,9,54,-53,RB77
Caleb Douglas,WR,MIA,6,8,82,-25,WR77
Greg Dulcich,TE,MIA,6,6,80,-25,TE24
Najee Harris,RB,NYG,8,9,52,-55,RB67
Jalen McMillan,WR,TB,10,8,81,-25,WR61
Chig Okonkwo,TE,WAS,7,6,79,-26,TE20
MarShawn Lloyd,RB,GB,11,9,50,-57,RB50
Keenan Allen,WR,IND,13,8,80,-26,WR70
Pat Freiermuth,TE,PIT,9,6,79,-26,TE28
Jordan James,RB,SF,8,9,45,-62,RB78
Jauan Jennings,WR,MIN,6,8,79,-27,WR68
AJ Barner,TE,SEA,11,6,79,-26,TE22
Kimani Vidal,RB,LAC,7,9,45,-62,RB60
Rashod Bateman,WR,BAL,13,8,79,-27,WR79
Kenyon Sadiq,TE,NYJ,13,6,78,-27,TE26
Jaydon Blue,RB,DAL,14,9,43,-64,RB62
Jalen Nailor,WR,LV,13,8,77,-30,WR69
Cade Otton,TE,TB,10,6,76,-28,TE29
James Conner,RB,ARI,14,9,42,-65,RB68
Kayshon Boutte,WR,HOU,8,8,76,-30,WR62
Darren Waller,TE,CAR,5,7,70,-35,TE33
Malik Davis,RB,DAL,14,10,41,-66,RB75
Adonai Mitchell,WR,NYJ,13,8,72,-34,WR60
Gunnar Helm,TE,TEN,9,7,69,-35,TE27
Chris Brooks,RB,GB,11,10,40,-67,RB76
Tank Dell,WR,HOU,8,8,69,-37,WR80
Oronde Gadsden II,TE,LAC,7,7,68,-37,TE25
Jaylen Wright,RB,MIA,6,10,39,-68,RB69
Travis Hunter,WR,JAC,7,8,69,-38,WR71
Evan Engram,TE,DEN,10,7,68,-37,TE32
Emanuel Wilson,RB,SEA,11,10,38,-70,RB70
Malik Washington,WR,MIA,6,8,67,-40,WR72
David Njoku,TE,LAC,7,7,67,-38,TE30
George Holani,RB,SEA,11,10,35,-72,RB66
Dontayvion Wicks,WR,PHI,10,8,66,-40,WR63
Mike Gesicki,TE,CIN,6,7,62,-42,TE35
Ray Davis,RB,BUF,7,10,33,-74,RB58
Jaylin Noel,WR,HOU,8,8,65,-42,WR74
Colby Parkinson,TE,LAR,11,7,61,-44,TE31
Sean Tucker,RB,TB,10,10,32,-75,RB63
Tre' Harris,WR,LAC,7,9,60,-46,WR64
Mason Taylor,TE,NYJ,13,7,59,-46,TE34
Ollie Gordon II,RB,MIA,6,10,28,-79,RB72
Ryan Flournoy,WR,DAL,14,9,59,-47,WR67
Theo Johnson,TE,NYG,8,8,51,-54,TE36
Isaiah Davis,RB,NYJ,13,10,28,-79,RB79
Isaac TeSlaa,WR,DET,6,9,56,-50,WR78
Jake Tonges,TE,SF,8,9,33,-72,TE37
LeQuint Allen Jr.,RB,JAC,7,10,27,-80,RB80
Pat Bryant,WR,DEN,10,9,52,-54,WR66
